"","x"
"1","Udaipur"
"2","Shimoga"
"3","Dharamshala"
"4","Samode"
"5","Chikmagalur"
"6","Silchar"
"7","Varanasi"
"8","Dapoli"
"9","Nainital"
"10","Indore"
"11","Palampur"
"12","MountAbu"
"13","Tirupati"
"14","Lachung"
"15","Satna"
"16","Guwahati"
"17","Gwalior"
"18","DEOGHAR"
"19","Kohima"
"20","Azamgarh"
"21","Kashid"
"22","Dharwad"
"23","NubraValley"
"24","Dwarika"
"25","WeekendGetawaysAroundHyderabad"
"26","Uttarkashi"
"27","Muvattupuzha"
"28","Yavatmal"
"29","Lalitpur"
"30","Valsad"
"31","Kollam"
"32","Madhupur"
"33","Washim"
"34","Patiala"
"35","Baharampur"
"36","Khandwa"
"37","NewTehri"
"38","Idduki"
"39","Hassan"
"40","Saputara"
"41","Kashipur"
"42","Churu"
"43","Madurai"
"44","Ambaji"
"45","Firozabad"
"46","Balasore"
"47","Goa"
"48","Bangalore"
"49","Kodaikanal"
"50","Kolkata"
"51","Mahabalipuram"
"52","Malvan"
"53","Manali"
"54","Malappuram"
"55","Malda"
"56","Malerkotla"
"57","Coorg"
"58","LonavalaAndKhandala"
"59","WeekendGetawaysAroundMumbai"
"60","Chennai"
"61","Alwar"
"62","Katihar"
"63","Mandi"
"64","Guruvayoor"
"65","Guhagar"
"66","Gaya"
"67","Ganpatipule"
"68","Nellore"
"69","Chandigarh"
"70","Kottayam"
"71","Sirsa"
"72","Bhusawal"
"73","Bareilley"
"74","EastSikkim"
"75","Roorkee"
"76","Kabini"
"77","Mirik"
"78","Joshimath"
"79","Bhimtal"
"80","Rajahmundry"
"81","Shahdol"
"82","Kalpa"
"83","Mayiladuthurai"
"84","Nagaur"
"85","Ramgarh"
"86","Hosur"
"87","Cochin"
"88","Rewa"
"89","Vapi"
"90","Beawar"
"91","Jammu"
"92","Wardha"
"93","Corbett"
"94","Medinipur"
"95","Pali"
"96","Shirdi"
"97","Mahabaleshwar"
"98","Kanyakumari"
"99","Sakleshpur"
"100","Mandawa"
"101","Solan"
"102","Barog"
"103","Vagamon"
"104","Dahej"
"105","Jawalamukhi"
"106","Chikhaldara"
"107","Tirupur"
"108","Amravati"
"109","Kharagpur"
"110","Nadiad"
"111","Dimapur"
"112","Panchgani"
"113","Salem"
"114","Agartala"
"115","Jhansi"
"116","Sangla"
"117","Sanchore"
"118","Daksum"
"119","Yelagiri"
"120","Rishikesh"
"121","Satara"
"122","Ranthambhore"
"123","SasanGir"
"124","Ranikhet"
"125","Rajsamand"
"126","Rajkot"
"127","Rajgir"
"128","Sambalpur"
"129","Ratnagiri"
"130","Rajgarh"
"131","Ranchi"
"132","Rampur"
"133","Rudrapur"
"134","Pune"
"135","Raipur"
"136","Puri"
"137","Rameshwaram"
"138","PortBlair"
"139","Cuttack"
"140","Chandrapur"
"141","Darjeeling"
"142","Coimbatore"
"143","Dalhousie"
"144","Dandeli"
"145","Coonoor"
"146","Chamoli"
"147","Chopta"
"148","Buldhana"
"149","Bundi"
"150","Dahanu"
"151","Chamrajnagar"
"152","Chidambaram"
"153","Chittorgarh"
"154","Dehradun"
"155","Chintpurni"
"156","ChambaUttaranchal"
"157","Chail"
"158","Chettinad"
"159","Haridwar"
"160","Bhopal"
"161","Ambala"
"162","Maheshwar"
"163","Bodhgaya"
"164","Ahmedabad"
"165","Bageshwar"
"166","Daman"
"167","Chittoor"
"168","Guntur"
"169","Madumalai"
"170","Hissar"
"171","Kalka"
"172","Theni"
"173","Mathura"
"174","Barbil"
"175","Una"
"176","SIVAKASI"
"177","Thane"
"178","Kuttikkanam"
"179","Alibagh"
"180","Sindhudurg"
"181","Bagdogra"
"182","Hospet"
"183","WestSikkim"
"184","Siliguri"
"185","Gangtok"
"186","Kasargod"
"187","Gondia"
"188","Mysore"
"189","NAGARCOIL"
"190","Nagpur"
"191","MurudJanjira"
"192","Munnar"
"193","NAGAPATTINAM"
"194","Mussoorie"
"195","Nahan"
"196","Murudeshwar"
"197","Muzaffarpur"
"198","Munsiyari"
"199","Mumbai"
"200","Jaipur"
"201","Mehsana"
"202","Yamunanagar"
"203","WeekendGetawaysAroundChandigarh"
"204","WeekendGetawaysAroundPune"
"205","WeekendGetawaysAroundBangalore"
"206","Kaziranga"
"207","Bhubaneshwar"
"208","Leh"
"209","Thrissur"
"210","Bhavnagar"
"211","Asansol"
"212","Sangli"
"213","Mangalore"
"214","Ahmednagar"
"215","Loleygaon"
"216","ManzDoNotBook"
"217","Pench"
"218","Kota"
"219","Kargil"
"220","Bhojpur"
"221","Almora"
"222","Jodhpur"
"223","Kanpur"
"224","Kasol"
"225","Jawhar"
"226","Kalimpong"
"227","Junagarh"
"228","Karnal"
"229","Bandhavgarh"
"230","Bahraich"
"231","Balaghat"
"232","Bagalkot"
"233","Baddi"
"234","Aurangabad"
"235","Badami"
"236","Balangir"
"237","Bahadurgarh"
"238","Kushinagar"
"239","Kotagiri"
"240","Kasauli"
"241","Kannur"
"242","Karsog"
"243","Kumarakom"
"244","KovalamandPoovar"
"245","Korba"
"246","Katra"
"247","Katni"
"248","Karanprayag"
"249","Karjat"
"250","Khopoli"
"251","Karauli"
"252","Kolhapur"
"253","Kumbakonam"
"254","Lakshadweep"
"255","Kurnool"
"256","Khajjiar"
"257","Kanha"
"258","Kishangarh"
"259","Kankavli"
"260","Kutch"
"261","Karad"
"262","Kumbalgarh"
"263","Kullu"
"264","Kotputli"
"265","Khajuraho"
"266","Khammam"
"267","Kavali"
"268","Karaikal"
"269","Krishnanagar"
"270","NewDelhiAndNCR"
"271","Patna"
"272","Pathankot"
"273","Panipat"
"274","Pollachi"
"275","Parwanoo"
"276","Pelling"
"277","Pandharpur"
"278","Palwal"
"279","Pragpur"
"280","Pathanamthitta"
"281","Srinagar"
"282","Sikar"
"283","Sonamarg"
"284","Silvassa"
"285","Solapur"
"286","SriGanganagar"
"287","Shivpuri"
"288","Singrauli"
"289","Somnath"
"290","Sirmour"
"291","Srikalahasti"
"292","SilentValley"
"293","Sirohi"
"294","Sonepat"
"295","Sidhpur"
"296","Sirsi"
"297","Erode"
"298","Himmatnagar"
"299","Hoshiarpur"
"300","Bhatinda"
"301","Bhilwara"
"302","Bhilai"
"303","Bharuch"
"304","Bharmour"
"305","WeekendGetawaysAroundDelhi"
"306","Hampi"
"307","Chhindwara"
"308","Ankleshwar"
"309","Matheran"
"310","Panchkula"
"311","Haldwani"
"312","Nasik"
"313","Gulmarg"
"314","Gandhidham"
"315","Mandsaur"
"316","Porbandar"
"317","Bokaro"
"318","Palakkad"
"319","Namakkal"
"320","Bikaner"
"321","Bilaspur"
"322","Chitradurga"
"323","Bulandshahr"
"324","Nanded"
"325","Nilgiri"
"326","Orchha"
"327","Pinjore"
"328","Pahalgam"
"329","Neemrana"
"330","Nathdwara"
"331","NeilIsland"
"332","Phalodi"
"333","Nimaj"
"334","Phulbani"
"335","Neral"
"336","Panhala"
"337","Pachmarhi"
"338","Najibabad"
"339","Pokhran"
"340","Pauri"
"341","Hyderabad"
"342","Hubli"
"343","Havelock"
"344","Aligarh"
"345","Jalgaon"
"346","Vailankanni"
"347","Hodal"
"348","Jalna"
"349","Thiruvannamalai"
"350","Sunderban"
"351","Rohtak"
"352","Itanagar"
"353","Dungarpur"
"354","Giridih"
"355","Angul"
"356","Kaza"
"357","Kedarnath"
"358","Kinnaur"
"359","Khanna"
"360","Khimsar"
"361","Phaltan"
"362","Phagwara"
"363","Pondicherry"
"364","Pushkar"
"365","Panchmarhi"
"366","Rudraprayag"
"367","Puttaparthi"
"368","Raigarh"
"369","Patnitop"
"370","Raigad"
"371","Rinchenpong"
"372","Rishyap"
"373","Allahabad"
"374","Agra"
"375","Allepey"
"376","Ajmer"
"377","Amboli"
"378","Banswara"
"379","Ashoknagar"
"380","Amritsar"
"381","Barnala"
"382","Amba"
"383","Hazaribagh"
"384","Lava"
"385","Kanatal"
"386","Bhuj"
"387","Jorhat"
"388","Jambughoda"
"389","Anantapur"
"390","Nalagarh"
"391","Binsar"
"392","Igatpuri"
"393","Tarkali"
"394","Jaisalmer"
"395","Hoshangabad"
"396","Lucknow"
"397","Ludhiana"
"398","Kurukshetra"
"399","Konark"
"400","Madikeri"
"401","Lansdowne"
"402","Malshej"
"403","Madla"
"404","Kosi"
"405","Jalandhar"
"406","Jagdalpur"
"407","Jabalpur"
"408","Imphal"
"409","Jamshedpur"
"410","Jamnagar"
"411","Jajpur"
"412","Jaunpur"
"413","Jalpaiguri"
"414","Jaldapara"
"415","Jhabua"
"416","Karwar"
"417","Karaikudi"
"418","Kakinada"
"419","Kausani"
"420","Thekkady"
"421","Digha"
"422","Keonjhar"
"423","Kolad"
"424","Anand"
"425","Andaman"
"426","Sravasti"
"427","Shrivardhan"
"428","Srikakulam"
"429","Jharsuguda"
"430","Ferozepur"
"431","Thiruvananthapuram"
"432","Manipal"
"433","Sagara"
"434","Bakkhali"
"435","Rourkela"
"436","Athirapally"
"437","Vadodara"
"438","Kanchipuram"
"439","Gokarna"
"440","Varkala"
"441","Darbhanga"
"442","Durg"
"443","Tiruvannamalai"
"444","Pangot"
"445","Lachen"
"446","Barkot"
"447","Godda"
"448","Latur"
"449","Mukteshwar"
"450","Moradabad"
"451","Meerut"
"452","METTUPALAYAM"
"453","Malegaon"
"454","Mansa"
"455","Mohali"
"456","Maihar"
"457","Manas"
"458","Muzaffarnagar"
"459","Parbhani"
"460","Panvel"
"461","AbuRoad"
"462","WeekendGetawaysAroundChennai"
"463","Vishakhapatnam"
"464","Chiplun"
"465","Ujjain"
"466","Udupi"
"467","Tirunelveli"
"468","Chakrata"
"469","Chitrakoot"
"470","Chaukori"
"471","Bijapur"
"472","Biaora"
"473","Calicut"
"474","Vijaywada"
"475","Wayanad"
"476","Vellore"
"477","Veraval"
"478","Tumkur"
"479","Dhanbad"
"480","Saharanpur"
"481","Ranakpur"
"482","Nagaon"
"483","Mandu"
"484","Salasar"
"485","Bekal"
"486","Shimla"
"487","Gorakhpur"
"488","Dhanaulti"
"489","Eluru"
"490","Bharatpur"
"491","Udaigiri"
"492","Gulbarga"
"493","Kurseong"
"494","Gurdaspur"
"495","Warangal"
"496","Yercaud"
"497","Yanam"
"498","Zuluk"
"499","Nagarholae"
"500","Mundra"
"501","Morbi"
"502","Bandipur"
"503","Madhopur"
"504","Baramati"
"505","Aizawl"
"506","Dindi"
"507","Vidisha"
"508","Tiruchirapally"
"509","Faridkot"
"510","Bhadrak"
"511","Jhajjar"
"512","Subramanya"
"513","Diu"
"514","Muktasar"
"515","Surat"
"516","Berhampur"
"517","Sangrur"
"518","Daltonganj"
"519","CoochBehar"
"520","Dooars"
"521","Dharmavaram"
"522","Durgapur"
"523","Dongargarh"
"524","Devprayag"
"525","Dewas"
"526","Dibrugarh"
"527","Deogarh"
"528","Dindigul"
"529","Dhampur"
"530","Dhamtari"
"531","Dhar"
"532","Sumerpur"
"533","Kangra"
"534","Fatehpur"
"535","Secunderabad"
"536","Tezpur"
"537","Tanjore"
"538","Surajgarh"
"539","Sultanpur"
"540","Thalasserry"
"541","Thanjavur"
"542","Tarapith"
"543","Beed"
"544","Ooty"
"545","Ratlam"
"546","Pithoragarh"
"547","Tanakpur"
"548","SrinagarGarhwal"
"549","JhumriTelaiya"
"550","Tadoba"
"551","Vinukonda"
"552","Palani"
"553","Namchi"
"554","Narkanda"
"555","Pantnagar"
"556","Neemuch"
"557","Naukuchiatal"
"558","Osmanabad"
"559","Ongole"
"560","Nawalgarh"
"561","Narnaul"
"562","Panna"
"563","Nizamabad"
"564","Omkareshwar"
"565","Paradeep"
"566","Orai"
"567","Bellary"
"568","ArakuValley"
"569","Amreli"
"570","Barmer"
"571","Bhiwadi"
"572","Abohar"
"573","BerhampurWestBengal"
"574","Ambikapur"
"575","Badrinath"
"576","Behror"
"577","Bhadrachalam"
"578","Bheemeshwari"
"579","Belgaum"
"580","AnandpurSahib"
"581","Akola"
"582","Thattekkad"
"583","Chenganoor"
"584","Sheopur"
"585","Auli"
"586","Guna"
"587","SawaiMadhopur"
"588","Karur"
"589","Jalore"
